id,title,comment,status,created_at
27,ザトー,ザトーONE,完了,2021-07-27 13:29:35
28,ミリア,ミリアレイジ,未完了,2021-07-27 16:03:22
34,バロンチェア,古い椅子,完了,2021-07-27 16:38:52
35,コンテッサチェア,小さい,完了,2021-07-27 16:41:41
38,イトーキチェア,プラおチェア,完了,2021-07-27 17:21:49
39,ポチョムキン,バスター,完了,2021-10-12 18:41:44
40,翡翠,メイドの真髄受けてみよー,未完了,2021-10-19 18:48:48
41,琥珀,あーよいしょ,未完了,2021-10-19 18:48:56
42,アルクェイド,メルティブラッド,未完了,2021-10-21 16:06:56
43,ゲッコーモリア,ワンピース,未完了,2021-10-23 02:02:56
44,エリザベス,,未完了,2021-10-23 02:07:44
45,遠野志貴,遠野大学,未完了,2021-10-23 02:21:14
